{"cameraMode":{"drawMode":0,"name":"Shaded","section":"Shading Mode"},"sceneLighting":false,"audioPlay":false,"sceneViewState":{"m_AlwaysRefresh":false,"showFog":true,"showSkybox":false,"showFlares":true,"showImageEffects":true,"showParticleSystems":true,"showVisualEffectGraphs":true,"m_FxEnabled":true},"in2DMode":false,"pivot":{"x":-3.6600000858306886,"y":2.950000047683716,"z":-9.180000305175782},"rotation":{"x":-0.3438113331794739,"y":-0.013805897906422615,"z":0.005055555142462254,"w":-0.9389318227767944},"size":0.5213325619697571,"orthographic":false}